,L,FR1,CDR1,FR2,CDR2,FR3,CDR3
cattle_IGHV1S1*01,52,142,157,199,247,337,400
alpaca_IGHV4S1*01,57,147,168,210,258,348,400
alpaca_IGHV4S4*01,50,140,161,203,251,341,400
alpaca_IGHV4S6*01,50,140,161,203,251,341,400
alpaca_IGHV4S11*01,50,140,161,203,251,341,400
alpaca_IGHV4S5*01,50,140,161,203,251,341,400
alpaca_IGHV4S2*01,50,140,161,203,251,341,400
alpaca_IGHV4S3*01,50,140,161,203,251,341,400
alpaca_IGHV1-1*01,57,147,162,204,255,345,400
alpaca_IGHV3S27*01,50,140,155,197,248,338,400
alpaca_IGHV1S4*01,50,140,155,197,248,338,400
alpaca_IGHV1S6*01,50,140,155,197,248,338,400
alpaca_IGHV1S2*01,50,140,155,197,248,338,400
alpaca_IGHV1S3*01,50,140,155,197,248,338,400
alpaca_IGHV4S10*01,50,140,161,203,248,338,400
alpaca_IGHV4S7*01,50,140,161,203,248,338,400
alpaca_IGHV3S62*01,50,140,155,197,248,338,400
alpaca_IGHV3S17*01,50,140,155,197,248,338,400
alpaca_IGHV3S25*01,50,140,155,197,248,338,400
alpaca_IGHV3S34*01,50,140,155,197,248,338,400
alpaca_IGHV3S36*01,50,140,155,197,248,338,400
alpaca_IGHV3S38*01,50,140,155,197,248,338,400
alpaca_IGHV3S46*01,50,140,155,197,248,338,400
alpaca_IGHV3S60*01,50,140,155,197,248,338,400
alpaca_IGHV3S61*01,50,140,155,197,248,338,400
alpaca_IGHV3S63*01,50,140,155,197,248,338,400
alpaca_IGHV3S64*01,50,140,155,197,248,338,400
alpaca_IGHV3S66*01,50,140,155,197,248,338,400
alpaca_IGHV3S35*01,50,140,155,197,248,338,400
alpaca_IGHV3S40*01,50,140,155,197,248,338,400
alpaca_IGHV3S65*01,50,140,155,197,248,338,400
alpaca_IGHV3S12*01,50,140,155,197,248,338,400
alpaca_IGHV3S15*01,50,140,155,197,248,338,400
alpaca_IGHV3S16*01,50,140,155,197,248,338,400
alpaca_IGHV3S54*01,50,140,155,197,248,338,400
alpaca_IGHV3S11*01,50,140,155,197,248,338,400
alpaca_IGHV3S2*01,50,140,155,197,248,338,400
alpaca_IGHV3S13*01,50,140,155,197,248,338,400
alpaca_IGHV3S18*01,50,140,155,197,248,338,400
alpaca_IGHV3S20*01,50,140,155,197,248,338,400
alpaca_IGHV3S26*01,50,140,155,197,248,338,400
alpaca_IGHV3S28*01,50,140,155,197,248,338,400
alpaca_IGHV3S29*01,50,140,155,197,248,338,400
alpaca_IGHV3S30*01,50,140,155,197,248,338,400
alpaca_IGHV3S31*01,50,140,155,197,248,338,400
alpaca_IGHV3S32*01,50,140,155,197,248,338,400
alpaca_IGHV3S33*01,50,140,155,197,248,338,400
alpaca_IGHV3S37*01,50,140,155,197,248,338,400
alpaca_IGHV3S39*01,50,140,155,197,248,338,400
alpaca_IGHV3S4*01,50,140,155,197,248,338,400
alpaca_IGHV3S41*01,50,140,155,197,248,338,400
alpaca_IGHV3S42*01,50,140,155,197,248,338,400
alpaca_IGHV3S43*01,50,140,155,197,248,338,400
alpaca_IGHV3S44*01,50,140,155,197,248,338,400
alpaca_IGHV3S45*01,50,140,155,197,248,338,400
alpaca_IGHV3S5*01,50,140,155,197,248,338,400
alpaca_IGHV3S58*01,50,140,155,197,248,338,400
alpaca_IGHV3S59*01,50,140,155,197,248,338,400
alpaca_IGHV3S6*01,50,140,155,197,248,338,400
alpaca_IGHV3S68*01,50,140,155,197,248,338,400
alpaca_IGHV3S7*01,50,140,155,197,248,338,400
alpaca_IGHV3S14*01,50,140,155,197,248,338,400
alpaca_IGHV3S10*01,50,140,155,197,245,335,400
alpaca_IGHV3S56*01,50,140,155,197,245,335,400
alpaca_IGHV3S9*01,50,140,155,197,245,338,400
alpaca_IGHV3S8*01,50,140,155,197,245,338,400
alpaca_IGHV3S67*01,50,140,155,197,245,338,400
alpaca_IGHV3S55*01,50,140,155,197,245,335,400
alpaca_IGHV3S57*01,50,140,155,197,245,335,400
alpaca_IGHV4S8*01,50,140,161,203,248,338,400
alpaca_IGHV3S1*01,57,147,162,204,255,345,400
alpaca_IGHV3S53*01,57,147,162,204,252,342,400
alpaca_IGHV3-3*01,57,147,162,204,255,345,400
alpaca_IGHV3-1*01,57,147,162,204,255,345,400
alpaca_IGHV3-2*01,57,147,162,204,255,345,400
cod_IGHV3S28*01,50,140,152,194,239,329,400
cod_IGHV2S1*01,50,140,149,191,239,329,400
cod_IGHV2S2*01,50,140,149,191,239,329,400
cod_IGHV3S10*01,50,140,152,194,239,329,400
cod_IGHV3S14*01,50,140,152,194,239,329,400
cod_IGHV3S26*01,50,140,152,194,239,329,400
cod_IGHV3S15*01,50,140,152,194,239,329,400
cod_IGHV3S16*01,50,140,152,194,239,329,400
cod_IGHV3S20*01,50,140,152,194,239,329,400
cod_IGHV3S29*01,50,140,152,194,239,329,400
cod_IGHV3S31*01,50,140,152,194,239,329,400
cod_IGHV3S32*01,50,140,152,194,239,329,400
cod_IGHV3S33*01,50,140,152,194,239,329,400
cod_IGHV3S7*01,50,140,152,194,239,329,400
cod_IGHV3S8*01,50,140,152,194,239,329,400
cod_IGHV3S12*01,50,140,152,194,239,329,400
cod_IGHV3S21*01,50,140,152,194,239,329,400
cod_IGHV3S6*01,50,140,152,194,239,329,400
cod_IGHV3S13*01,50,140,152,194,239,329,400
cod_IGHV3S22*01,50,140,152,194,239,329,400
cod_IGHV3S27*01,50,140,152,194,239,329,400
cod_IGHV3S18*01,50,140,152,194,239,329,400
cod_IGHV3S30*01,50,140,152,194,239,329,400
cod_IGHV3S24*01,50,140,152,194,242,329,400
cod_IGHV3S25*01,50,140,152,194,239,329,400
cod_IGHV1S2*01,50,140,167,209,257,347,400
cod_IGHV1S1*01,50,140,167,209,257,347,400
cod_IGHV3S19*01,50,140,149,191,236,326,400
cod_IGHV3S34*01,50,140,152,194,239,329,400
cod_IGHV3S9*01,50,140,152,194,239,329,400
cod_IGHV3S17*01,50,140,149,191,236,326,400
cod_IGHV3S11*01,50,140,149,191,236,326,400
cod_IGHV4S1*01,50,140,152,194,248,338,400
cod_IGHV3S5*01,50,140,158,200,245,335,400
cod_IGHV3S1*01,50,140,152,194,227,317,400
cod_IGHV3S2*01,50,140,152,194,227,317,400
cod_IGHV3S23*01,50,107,119,161,206,296,400
cod_IGHV3S3*01,50,140,152,194,227,317,400
cod_IGHV3S4*01,50,140,152,194,227,317,400
bull shark_IGHV1S1*01,50,140,155,197,245,323,400
sandbar shark_IGHV1S1*01,50,140,155,197,245,329,400
bull shark_IGHV1S2*01,50,140,155,197,245,323,400
sandbar shark_IGHV1S2*01,50,140,155,197,245,329,400
bull shark_IGHV1S3*01,50,140,155,197,245,323,400
sandbar shark_IGHV1S3*01,50,140,155,197,245,329,400
bull shark_IGHV1S4*01,50,140,155,197,245,323,400
sandbar shark_IGHV1S4*01,50,140,155,197,245,329,400
bull shark_IGHV1S5*01,50,140,155,197,245,323,400
bull shark_IGHV1S6*01,50,140,155,197,245,323,400
bull shark_IGHV1S7*01,50,140,155,197,245,323,400
bull shark_IGHV1S8*01,50,140,155,197,245,323,400
catfish_IGHV4S2*01,50,140,161,203,251,341,400
catfish_IGHV4S1*01,50,140,161,203,251,341,400
catfish_IGHV6S2*01,50,140,161,203,251,341,400
catfish_IGHV6S1*01,50,140,161,203,251,341,400
catfish_IGHV1S7*01,50,135,150,192,240,330,400
catfish_IGHV7S4*01,50,140,155,197,248,338,400
catfish_IGHV7S2*01,50,140,155,197,248,338,400
catfish_IGHV7S3*01,50,140,155,197,248,338,400
catfish_IGHV5S2*01,50,140,167,209,257,347,400
catfish_IGHV3S1*01,50,140,155,197,242,332,400
catfish_IGHV1S3*01,50,140,152,194,242,332,400
catfish_IGHV2S5*01,50,140,152,194,242,332,400
catfish_IGHV2S4*01,50,140,152,194,242,332,400
catfish_IGHV2S3*01,50,140,152,194,242,332,400
catfish_IGHV2S2*01,50,140,152,194,242,332,400
catfish_IGHV3S3*01,50,140,155,197,248,338,400
catfish_IGHV3S2*01,50,140,155,197,248,338,400
catfish_IGHV3S4*01,50,140,155,197,248,338,400
catfish_IGHV1S5*01,50,140,155,197,245,335,400
catfish_IGHV1S1*01,50,140,155,197,245,335,400
catfish_IGHV1S6*01,50,140,155,197,245,335,400
catfish_IGHV1S2*01,50,140,155,197,245,335,400
catfish_IGHV1S4*01,50,140,155,197,245,335,400
catfish_IGHV1S10*01,50,77,92,134,182,272,400
catfish_IGHV1S8*01,50,77,92,134,182,272,400
catfish_IGHV1S9*01,50,77,92,134,182,272,400
catfish_IGHV2S6*01,50,74,89,131,179,269,400
catfish_IGHV3S5*01,50,108,123,165,216,306,400
catfish_IGHV3S7*01,50,77,92,134,179,269,400
catfish_IGHV3S8*01,50,77,92,134,185,275,400
catfish_IGHV3S9*01,50,77,92,134,185,275,400
catfish_IGHV4S3*01,50,110,131,173,221,311,400
catfish_IGHV4S4*01,50,77,98,140,188,278,400
catfish_IGHV5S3*01,50,104,131,173,221,311,400
catfish_IGHV5S4*01,50,77,104,146,194,284,400
catfish_IGHV6S3*01,50,110,131,173,221,311,400
catfish_IGHV6S4*01,50,77,98,140,188,278,400
catfish_IGHV6S5*01,50,77,98,140,188,278,400
cattle_IGHV1-27*01,57,147,162,204,252,342,400
cattle_IGHV1-20*01,57,147,162,204,252,342,400
cattle_IGHV1-7*01,57,147,162,204,252,342,400
cattle_IGHV1-21*01,57,147,162,204,252,342,400
cattle_IGHV1-33*01,57,147,162,204,252,342,400
cattle_IGHV1-10*01,57,147,162,204,252,342,400
cattle_IGHV1-25*01,57,147,162,204,252,342,400
cattle_IGHV1-37*01,57,147,162,204,252,342,400
cattle_IGHV1-30*01,57,147,162,204,252,342,400
cattle_IGHV1-17*01,57,147,162,204,252,342,400
cattle_IGHV1-39*01,57,147,162,204,252,342,400
cattle_IGHV1-14*01,57,147,162,204,252,342,400
chicken_IGHV1S1*01,57,147,162,204,255,345,400
chicken_IGHV1-42*01,50,140,158,200,251,341,400
chicken_IGHV1-73*01,50,140,158,200,251,341,400
chicken_IGHV1-78*01,50,140,155,197,251,341,400
chicken_IGHV1S5*01,50,122,137,179,230,320,400
chicken_IGHV1-59*01,50,140,155,197,248,338,400
chicken_IGHV1-31*01,50,140,155,197,248,338,400
chicken_IGHV1-62*01,50,140,155,197,248,338,400
chicken_IGHV1-62D*01,50,140,155,197,248,338,400
chicken_IGHV1-43*01,50,140,155,197,248,338,400
chicken_IGHV1-45*01,50,140,155,197,248,338,400
chicken_IGHV1-47*01,50,140,155,197,248,338,400
chicken_IGHV1-49*01,50,140,155,197,248,338,400
chicken_IGHV1-74*01,50,140,155,197,248,338,400
chicken_IGHV1S4*01,50,140,155,197,248,338,400
chicken_IGHV1-34*01,50,140,155,197,248,338,400
chicken_IGHV1-79*01,50,140,155,197,248,338,400
chicken_IGHV1-53*01,50,140,155,197,248,338,400
chicken_IGHV1-55*01,50,140,155,197,248,338,400
chicken_IGHV1-4*01,50,140,155,197,248,338,400
chicken_IGHV1-28*01,50,140,155,197,248,338,400
chicken_IGHV1-28N*01,50,140,155,197,248,338,400
chicken_IGHV1-30*01,50,140,155,197,248,338,400
chicken_IGHV1-30D*01,50,140,155,197,248,338,400
chicken_IGHV1-30N*01,50,140,155,197,248,338,400
chicken_IGHV1-54*01,50,140,155,197,248,338,400
chicken_IGHV1-62D-2*01,50,140,155,197,248,338,400
chicken_IGHV1-41*01,50,140,155,197,248,338,400
chicken_IGHV1-72*01,50,140,155,197,248,338,400
chicken_IGHV1-50*01,50,140,155,197,248,338,400
chicken_IGHV1-76*01,50,140,155,197,248,338,400
chicken_IGHV1-39*01,50,140,155,197,248,338,400
chicken_IGHV1-70*01,50,140,155,197,248,338,400
chicken_IGHV1s1*01,50,140,155,197,248,338,400
chicken_IGHV1S3*01,50,140,155,197,248,338,400
chicken_IGHV1-17*01,50,140,155,197,248,338,400
chicken_IGHV1-80*01,50,140,155,197,248,338,400
chicken_IGHV1-19*01,50,140,155,197,248,338,400
chicken_IGHV1-36*01,50,140,155,197,248,338,400
chicken_IGHV1-57*01,50,140,155,197,248,338,400
chicken_IGHV1S2*01,50,140,155,197,248,338,400
chicken_IGHV1-11*01,50,140,155,197,248,338,400
chicken_IGHV1-81*01,50,140,155,197,248,338,400
chicken_IGHV1-61-1*01,50,140,155,197,248,338,400
chicken_IGHV1-10*01,50,140,155,197,248,338,400
chicken_IGHV1-16*01,50,140,155,197,248,338,400
chicken_IGHV1-15*01,50,140,155,197,248,338,400
chicken_IGHV1-60*01,50,140,155,197,248,338,400
chicken_IGHV1S10*01,50,140,155,197,248,338,400
chicken_IGHV1S8*01,50,140,155,197,248,338,400
chicken_IGHV1-58*01,50,140,155,197,248,338,400
chicken_IGHV1-23*01,50,140,155,197,248,338,400
chicken_IGHV1-21*01,50,140,155,197,248,338,400
chicken_IGHV1-35*01,50,140,155,197,248,338,400
chicken_IGHV1-25*01,50,140,155,197,248,338,400
chicken_IGHV1-40*01,50,140,155,197,248,338,400
chicken_IGHV1-71*01,50,140,155,197,248,338,400
chicken_IGHV1-77*01,50,140,155,197,248,338,400
chicken_IGHV1-38*01,50,140,155,197,248,338,400
chicken_IGHV1-22*01,50,140,155,197,248,338,400
chicken_IGHV1-62D-3*01,50,140,155,197,248,338,400
chicken_IGHV1-20*01,50,140,155,197,248,338,400
chicken_IGHV1-9*01,50,140,155,197,248,338,400
chicken_IGHV1-13*01,50,140,155,197,248,338,400
chicken_IGHV1-18*01,50,140,155,197,248,338,400
chicken_IGHV1-44*01,50,140,155,197,248,338,400
chicken_IGHV1-46*01,50,140,155,197,248,338,400
chicken_IGHV1-48*01,50,140,155,197,248,338,400
chicken_IGHV1-75*01,50,140,155,197,248,338,400
chicken_IGHV1-6*01,50,140,155,197,248,338,400
chicken_IGHV1-12*01,50,140,155,197,248,338,400
chicken_IGHV1-5*01,50,140,155,197,248,338,400
chicken_IGHV1-2*01,50,140,155,197,248,338,400
chicken_IGHV1-56*01,50,140,155,197,248,338,400
chicken_IGHV1-3*01,50,140,155,197,248,338,400
chicken_IGHV1-1*01,57,147,162,204,255,345,400
chicken_IGHV1S9*01,50,132,147,189,240,330,400
chicken_IGHV1S7*01,50,140,155,197,248,338,400
chicken_IGHV1-51*01,50,140,155,197,245,335,400
chicken_IGHV1-61-2*01,50,140,155,197,245,335,400
chicken_IGHV1-14*01,50,140,155,197,245,335,400
crab-eating_IGHV4-2*01,57,147,162,204,255,345,400
crab-eating_IGHV4S16*01,57,147,162,204,255,345,400
crab-eating_IGHV4S5*01,57,147,162,204,255,345,400
crab-eating_IGHV4S6*01,57,147,162,204,255,345,400
crab-eating_IGHV4S18*01,57,147,165,207,258,348,400
crab-eating_IGHV4S14*01,57,147,165,207,258,348,400
crab-eating_IGHV4S15*01,57,147,165,207,258,348,400
crab-eating_IGHV4S19*01,57,147,165,207,258,348,400
crab-eating_IGHV4S7*01,57,147,165,207,258,348,400
crab-eating_IGHV4S12*01,57,147,168,210,261,351,400
crab-eating_IGHV4S17*01,57,147,168,210,261,351,400
crab-eating_IGHV4S11*01,57,147,162,204,255,345,400
crab-eating_IGHV4S10*01,57,147,162,204,255,345,400
crab-eating_IGHV4S9*01,57,147,165,207,258,348,400
crab-eating_IGHV4S13*01,57,147,165,207,258,348,400
crab-eating_IGHV3S32*01,57,147,162,204,255,345,400
crab-eating_IGHV3-22*01,57,147,162,204,255,345,400
crab-eating_IGHV2-1*01,57,147,168,210,258,348,400
crab-eating_IGHV2S1*01,57,147,168,210,258,348,400
crab-eating_IGHV2S2*01,57,147,168,210,258,348,400
crab-eating_IGHV7-1*01,57,147,162,204,255,345,400
crab-eating_IGHV1S1*01,57,147,162,204,255,345,400
crab-eating_IGHV1S2*01,57,147,162,204,255,345,400
crab-eating_IGHV7S1*01,57,147,162,204,255,345,400
crab-eating_IGHV1S9*01,57,147,162,204,255,345,400
crab-eating_IGHV1S10*01,57,147,162,204,255,345,400
crab-eating_IGHV1-1*01,57,147,162,204,255,345,400
crab-eating_IGHV3S43*01,57,147,162,204,255,345,400
crab-eating_IGHV3S41*01,57,147,162,204,255,345,400
crab-eating_IGHV3S22*01,60,150,165,207,264,354,400
crab-eating_IGHV3S15*01,57,147,162,204,261,351,400
crab-eating_IGHV3S5*01,57,147,162,204,252,342,400
crab-eating_IGHV3S25*01,57,147,162,204,255,345,400
crab-eating_IGHV3S11*01,57,147,162,204,261,351,400
crab-eating_IGHV3-10*01,57,147,162,204,255,345,400
crab-eating_IGHV3S19*01,57,147,162,204,255,345,400
crab-eating_IGHV3-7*01,57,147,162,204,255,345,400
crab-eating_IGHV3S16*01,57,147,162,204,255,345,400
crab-eating_IGHV3-11*01,57,147,162,204,249,339,400
crab-eating_IGHV3S23*01,57,147,162,204,255,345,400
crab-eating_IGHV3-6*01,57,147,162,204,261,351,400
crab-eating_IGHV3S4*01,57,147,162,204,261,351,400
crab-eating_IGHV3S10*01,57,147,162,204,261,351,400
crab-eating_IGHV3S45*01,57,147,162,204,261,351,400
crab-eating_IGHV3S17*01,57,147,162,204,252,342,400
crab-eating_IGHV3S35*01,57,147,162,204,255,345,400
crab-eating_IGHV3S46*01,57,147,162,204,255,345,400
crab-eating_IGHV3-14*01,57,147,162,204,255,345,400
crab-eating_IGHV3-20*01,57,147,162,204,261,351,400
crab-eating_IGHV3-12*01,57,147,162,204,261,351,400
crab-eating_IGHV3S44*01,57,147,162,204,252,342,400
crab-eating_IGHV3S30*01,57,147,162,204,261,351,400
crab-eating_IGHV3S20*01,57,147,162,204,261,351,400
crab-eating_IGHV3S40*01,57,147,162,204,261,351,400
crab-eating_IGHV3S29*01,57,147,162,204,255,345,400
crab-eating_IGHV3S18*01,57,147,162,204,255,345,400
crab-eating_IGHV3-9*01,57,147,162,204,255,345,400
crab-eating_IGHV3S26*01,57,147,162,204,255,345,400
crab-eating_IGHV5-2*01,54,144,159,201,252,342,400
crab-eating_IGHV5S1*01,57,147,162,204,255,345,400
crab-eating_IGHV6-1*01,60,150,171,213,267,357,400
dog_IGHV3-54*01,57,147,162,204,255,345,400
dog_IGHV3-8*01,57,147,162,204,255,345,400
dog_IGHV4-1*01,51,141,159,201,243,333,400
dog_IGHV3-7*01,57,147,162,204,255,345,400
dog_IGHV3-58*01,57,147,162,204,255,345,400
dog_IGHV3-23*01,57,147,162,204,255,345,400
dog_IGHV1-30*01,57,147,162,204,255,345,400
dog_IGHV3-50*01,57,147,162,204,255,345,400
dog_IGHV3-82*01,57,147,162,204,255,345,400
dog_IGHV3-76*01,57,147,162,204,255,345,400
dog_IGHV3-10*01,57,147,162,204,255,345,400
dog_IGHV3-5*01,57,147,162,204,255,345,400
dog_IGHV3-16*01,57,147,162,204,255,345,400
dog_IGHV3-9*01,57,147,162,204,255,345,400
dog_IGHV3-18*01,57,147,162,204,255,345,400
dog_IGHV3-24*01,57,147,162,204,255,345,400
dog_IGHV3-70*01,57,147,162,204,255,345,400
dog_IGHV3-3*01,57,147,162,204,255,345,400
dog_IGHV3-2*01,57,147,162,204,255,345,400
dog_IGHV3-19*01,57,147,162,204,255,345,400
dog_IGHV3-41*01,57,147,162,204,255,345,400
dog_IGHV3-75*01,57,147,162,204,255,345,400
dog_IGHV3-47*01,57,147,162,204,255,345,400
dog_IGHV3-80*01,57,147,162,204,255,345,400
dog_IGHV3-35*01,57,147,162,204,255,345,400
dog_IGHV3-38*01,57,147,162,204,255,345,400
dog_IGHV3-61*01,57,147,162,204,255,345,400
dog_IGHV3-81*01,57,147,162,204,255,345,400
dog_IGHV3-6*01,57,147,162,204,255,345,400
dog_IGHV3-13*01,57,147,162,204,255,345,400
dog_IGHV3-67*01,57,147,162,204,255,345,400
dog_IGHV3-69*01,57,147,162,204,255,345,400
dog_IGHV3-37*01,57,147,162,204,255,345,400
dog_IGHV3-46*01,57,147,162,204,255,345,400
dog_IGHV3-39*01,57,147,162,204,255,345,400
horn shark_IGHV1S15*01,50,140,155,197,248,338,400
horn shark_IGHV1S16*01,50,140,155,197,248,338,400
horn shark_IGHV1S17*01,50,140,155,197,248,338,400
horn shark_IGHV1S14*01,50,140,155,197,245,335,400
horn shark_IGHV1S9*01,50,140,155,197,245,335,400
horn shark_IGHV1S7*01,50,140,155,197,245,335,400
horn shark_IGHV1S13*01,50,140,155,197,245,335,400
horn shark_IGHV1S3*01,50,140,155,197,245,335,400
horn shark_IGHV1S5*01,50,140,155,197,245,335,400
horn shark_IGHV1S6*01,50,140,155,197,245,335,400
horn shark_IGHV1S12*01,50,140,155,197,245,335,400
horn shark_IGHV1S4*01,50,140,155,197,245,335,400
horn shark_IGHV1S2*01,50,140,155,197,245,335,400
horn shark_IGHV1S1*01,50,140,155,197,245,335,400
horn shark_IGHV1S10*01,50,140,155,197,245,335,400
horn shark_IGHV1S8*01,50,140,155,197,245,335,400
horn shark_IGHV1S11*01,50,140,155,197,245,335,400
horse_IGHV4-29*01,57,147,162,204,252,342,400
horse_IGHV4S1*01,57,147,162,204,252,342,400
horse_IGHV4-82*01,57,147,162,204,252,342,400
horse_IGHV4-11*01,57,147,162,204,252,342,400
horse_IGHV4-75*01,57,147,168,210,258,348,400
horse_IGHV4-17*01,57,147,168,210,258,348,400
horse_IGHV4-65*01,57,147,168,210,258,348,400
horse_IGHV4-59*01,57,147,165,207,255,345,400
horse_IGHV4-37*01,57,147,168,210,258,348,400
horse_IGHV4-37D*01,57,147,168,210,258,348,400
horse_IGHV4-37N*01,57,147,168,210,258,348,400
horse_IGHV4-55*01,57,147,165,207,255,345,400
horse_IGHV4-22*01,57,147,162,204,252,342,400
horse_IGHV2-63*01,57,147,168,210,258,348,400
horse_IGHV1-5*01,57,147,162,204,255,345,400
horse_IGHV1-41*01,57,147,162,204,255,345,400
horse_IGHV3-78*01,57,147,162,204,255,345,400
horse_IGHV9-66*01,57,147,162,204,252,342,400
horse_IGHV1-70*01,57,147,162,204,255,345,400
human_IGHV4-34*01,57,147,162,204,252,342,400
human_IGHV4-4*01,57,147,165,207,255,345,400
human_IGHV4-61*01,57,147,168,210,258,348,400
human_IGHV4-28*01,57,147,165,207,255,345,400
human_IGHV4-31*02,57,147,168,210,258,348,400
human_IGHV4-30-4*01,57,147,168,210,258,348,400
human_IGHV4-30-2*03,57,147,168,210,258,348,400
human_IGHV4-59*01,57,147,162,204,252,342,400
human_IGHV4-39*01,57,147,168,210,258,348,400
human_IGHV4-38-2*02,57,147,165,207,255,345,400
human_IGHV3-64*01,60,150,165,207,258,348,400
human_IGHV5-10-1*02,60,150,165,207,258,348,400
human_IGHV3-21*01,57,147,162,204,255,345,400
human_IGHV3-7*01,57,147,162,204,255,345,400
human_IGHV3-35*01,57,147,162,204,255,345,400
human_IGHV2-26*01,57,147,168,210,258,348,400
human_IGHV2-5*01,57,147,168,210,258,348,400
human_IGHV2-70*01,57,147,168,210,258,348,400
human_IGHV2-70D*04,57,147,168,210,258,348,400
human_IGHV1-69-2*01,57,147,162,204,255,345,400
human_IGHV1-24*01,57,147,162,204,255,345,400
human_IGHV1-45*01,57,147,162,204,255,345,400
human_IGHV1-18*01,57,147,162,204,255,345,400
human_IGHV1-2*01,57,147,162,204,255,345,400
human_IGHV1-8*01,57,147,162,204,255,345,400
human_IGHV1-3*01,57,147,162,204,255,345,400
human_IGHV1-46*01,57,147,162,204,255,345,400
human_IGHV1-69*01,57,147,162,204,255,345,400
human_IGHV1-69D*01,57,147,162,204,255,345,400
human_IGHV1-58*01,57,147,162,204,255,345,400
human_IGHV3-64D*06,57,147,162,204,255,345,400
human_IGHV3-9*01,57,147,162,204,255,345,400
human_IGHV3-13*01,57,147,162,204,252,342,400
human_IGHV3-48*01,57,147,162,204,255,345,400
human_IGHV3-43*01,57,147,162,204,255,345,400
human_IGHV3-15*01,57,147,162,204,261,351,400
human_IGHV3-23*01,57,147,162,204,255,345,400
human_IGHV3-23D*01,57,147,162,204,255,345,400
human_IGHV3-30-5*01,57,147,162,204,255,345,400
human_IGHV3-30*01,57,147,162,204,255,345,400
human_IGHV3-30-3*01,57,147,162,204,255,345,400
human_IGHV3-33*01,57,147,162,204,255,345,400
human_IGHV3-11*01,57,147,162,204,255,345,400
human_IGHV3-66*01,57,147,162,204,252,342,400
human_IGHV3-73*01,57,147,162,204,261,351,400
human_IGHV3-20*01,57,147,162,204,255,345,400
human_IGHV3-74*01,57,147,162,204,255,345,400
human_IGHV3-72*01,57,147,162,204,261,351,400
human_IGHV3-49*01,57,147,162,204,261,351,400
human_IGHV3-53*01,57,147,162,204,252,342,400
human_IGHV5-51*01,57,147,162,204,255,345,400
human_IGHV6-1*01,60,150,171,213,267,357,400
macaca_IGHV4S2*01,57,147,162,204,255,345,400
macaca_IGHV4S10*01,57,147,165,207,258,348,400
macaca_IGHV4S13*01,57,147,168,210,261,351,400
macaca_IGHV4-80*01,57,147,162,204,255,345,400
macaca_IGHV4-147*01,57,147,162,204,255,345,400
macaca_IGHV4-173*01,57,147,162,204,255,345,400
macaca_IGHV4-169*01,57,147,162,204,255,345,400
macaca_IGHV4-106*01,57,150,165,207,258,348,400
macaca_IGHV4-127*01,57,147,165,207,258,348,400
macaca_IGHV4-143*01,57,147,165,207,258,348,400
macaca_IGHV4-65*01,57,147,165,207,258,348,400
macaca_IGHV4-73*01,57,147,165,207,258,348,400
macaca_IGHV4-76*01,57,147,165,207,258,348,400
macaca_IGHV4-99*01,57,147,165,207,258,348,400
macaca_IGHV4-122*01,57,147,168,210,261,351,400
macaca_IGHV4-81*01,63,153,168,210,261,351,400
macaca_IGHV4S9*01,57,147,165,207,258,348,400
macaca_IGHV4-165*01,57,147,162,204,255,345,400
macaca_IGHV4-160*01,57,147,162,204,255,345,400
macaca_IGHV4-92*01,57,147,165,207,258,348,400
macaca_IGHV4-93*01,57,147,165,207,258,348,400
macaca_IGHV3-54*01,57,147,162,204,255,345,400
macaca_IGHV3-8*01,57,147,162,204,255,345,400
macaca_IGHV3-35*01,57,138,153,195,252,342,400
macaca_IGHV3-108*01,57,147,162,204,261,351,400
macaca_IGHV2-95*01,57,147,168,210,258,348,400
macaca_IGHV2S1*01,57,147,168,210,258,348,400
macaca_IGHV2-174*01,57,147,168,210,258,348,400
macaca_IGHV2-161*01,57,147,168,210,258,348,400
macaca_IGHV2-152*01,57,147,168,210,258,348,400
macaca_IGHV7-193*01,57,147,162,204,255,345,400
macaca_IGHV1-111*01,57,147,162,204,255,345,400
macaca_IGHV1-156*01,57,147,162,204,255,345,400
macaca_IGHV1-156D*01,57,147,162,204,255,345,400
macaca_IGHV1-138*01,57,147,162,204,255,345,400
macaca_IGHV7-114*01,57,147,162,204,255,345,400
macaca_IGHV1-69*01,57,147,162,204,255,345,400
macaca_IGHV1-200*01,57,147,162,204,255,345,400
macaca_IGHV1-198*01,57,147,162,204,255,345,400
macaca_IGHV1-70*01,57,147,162,204,255,345,400
macaca_IGHV1S2*01,57,147,162,204,255,345,400
macaca_IGHV1-180*01,57,147,162,204,255,345,400
macaca_IGHV1-151*01,57,147,162,204,255,345,400
macaca_IGHV3-34*01,57,147,162,204,255,345,400
macaca_IGHV3S41*01,57,147,162,204,255,345,400
macaca_IGHV3S40*01,57,147,162,204,252,342,400
macaca_IGHV3-103*01,57,147,162,204,252,342,400
macaca_IGHV3-176*01,57,150,165,207,258,348,400
macaca_IGHV3S4*01,57,147,162,204,255,345,400
macaca_IGHV3-119*01,57,147,162,204,255,345,400
macaca_IGHV3-116*01,60,150,165,207,264,354,400
macaca_IGHV3-136*01,57,147,162,204,255,345,400
macaca_IGHV3-183*01,57,147,162,204,255,345,400
macaca_IGHV3-175*01,57,147,162,204,249,339,400
macaca_IGHV3-12*01,57,147,162,204,249,339,400
macaca_IGHV3-115*01,57,147,162,204,255,345,400
macaca_IGHV3-184*01,57,147,162,204,261,351,400
macaca_IGHV3-16*01,57,147,162,204,261,351,400
macaca_IGHV3-30*01,57,147,162,204,261,351,400
macaca_IGHV3-132*01,57,147,162,204,252,342,400
macaca_IGHV3-201*01,57,147,162,204,255,345,400
macaca_IGHV3-78*01,57,147,162,204,255,345,400
macaca_IGHV3-28*01,57,147,162,204,255,345,400
macaca_IGHV3-37*01,57,147,162,204,255,345,400
macaca_IGHV3-13*01,57,147,162,204,261,351,400
macaca_IGHV3-153*01,57,147,162,204,261,351,400
macaca_IGHV3-153D*01,57,147,162,204,261,351,400
macaca_IGHV3S43*01,57,147,162,204,252,342,400
macaca_IGHV3-32*01,57,147,162,204,252,342,400
macaca_IGHV3-58*01,57,147,162,204,261,351,400
macaca_IGHV3-134*01,57,147,162,204,255,345,400
macaca_IGHV3-110*01,57,147,162,204,258,348,400
macaca_IGHV3-186*01,57,147,162,204,261,351,400
macaca_IGHV3-118*01,57,147,162,204,261,351,400
macaca_IGHV3-72*01,57,147,162,204,252,342,400
macaca_IGHV3-38*01,57,147,162,204,261,351,400
macaca_IGHV3-59*01,57,147,162,204,255,345,400
macaca_IGHV3-178*01,57,147,162,204,255,345,400
macaca_IGHV3-124*01,57,147,162,204,252,342,400
macaca_IGHV3-100*01,57,147,162,204,255,345,400
macaca_IGHV5-20*01,57,147,162,204,255,345,400
macaca_IGHV5-43*01,57,147,162,204,255,345,400
macaca_IGHV6-1*01,60,150,171,213,267,357,400
mouse_IGHV3-5*01,54,144,165,207,255,345,400
mouse_IGHV3-6*01,54,144,162,204,252,342,400
mouse_IGHV14-2*01,57,147,162,204,255,345,400
mouse_IGHV14-1*01,57,147,162,204,255,345,400
mouse_IGHV14-4*01,57,147,162,204,255,345,400
mouse_IGHV14-3*01,57,147,162,204,255,345,400
mouse_IGHV5-6-3*01,57,147,162,204,255,345,400
mouse_IGHV5-6-4*01,57,147,162,204,255,345,400
mouse_IGHV5-6-2*01,57,147,162,204,255,345,400
mouse_IGHV5-6-1*01,57,147,162,204,255,345,400
mouse_IGHV5-6*01,57,147,162,204,255,345,400
mouse_IGHV5-9-2*01,57,147,162,204,255,345,400
mouse_IGHV5-9-4*01,57,147,162,204,255,345,400
mouse_IGHV5-9-1*01,57,147,162,204,255,345,400
mouse_IGHV5-4*01,57,147,162,204,255,345,400
mouse_IGHV5-6-5*01,57,147,162,204,252,342,400
mouse_IGHV5-6-6*01,57,147,162,204,255,345,400
mouse_IGHV5-12*01,57,147,162,204,255,345,400
mouse_IGHV5-12-1*01,57,147,162,204,255,345,400
mouse_IGHV5-9-5*01,57,147,162,204,255,345,400
mouse_IGHV5-9*01,57,147,162,204,255,345,400
mouse_IGHV5-9-3*01,57,147,162,204,255,345,400
mouse_IGHV7-3*01,57,147,162,204,261,351,400
mouse_IGHV7-4*01,57,147,162,204,261,351,400
mouse_IGHV7-1*01,57,147,162,204,261,351,400
mouse_IGHV5-12-2*01,57,147,162,204,255,345,400
mouse_IGHV5-9*03,57,147,162,204,255,345,400
mouse_IGHV3-3*01,54,144,162,204,252,342,400
mouse_IGHV12-1-1*01,57,147,168,210,258,348,400
mouse_IGHV12-3*01,54,144,162,204,252,342,400
mouse_IGHV3-4*01,54,144,165,207,255,345,400
mouse_IGHV1-74*01,57,147,162,204,255,345,400
mouse_IGHV3-1*01,54,144,162,204,252,342,400
mouse_IGHV10S3*01,57,147,162,204,261,351,400
mouse_IGHV10-1*01,57,147,162,204,261,351,400
mouse_IGHV1-7*01,57,147,162,204,255,345,400
mouse_IGHV1-4*01,57,147,162,204,255,345,400
mouse_IGHV1-9*01,57,147,162,204,255,345,400
mouse_IGHV1-54*01,57,147,162,204,255,345,400
mouse_IGHV1S52*01,57,147,162,204,255,345,400
mouse_IGHV1-63*01,57,147,162,204,255,345,400
mouse_IGHV1S49*01,57,147,162,204,255,345,400
mouse_IGHV1S111*01,57,147,162,204,255,309,400
mouse_IGHV1-78*01,57,147,162,204,255,345,400
mouse_IGHV1-43*01,57,147,162,204,255,345,400
mouse_IGHV1-77*01,57,147,162,204,255,345,400
mouse_IGHV1-15*01,57,147,162,204,255,345,400
mouse_IGHV1S53*01,57,147,162,204,255,345,400
mouse_IGHV1S40*01,57,147,162,204,255,345,400
mouse_IGHV1-56*01,57,147,162,204,255,345,400
mouse_IGHV1-81*01,57,147,162,204,255,345,400
mouse_IGHV1-49*01,57,147,162,204,255,345,400
mouse_IGHV1-82*01,57,147,162,204,255,345,400
mouse_IGHV1-80*01,57,147,162,204,255,345,400
mouse_IGHV9-4*01,57,147,162,204,255,345,400
mouse_IGHV1-71*01,57,147,162,204,255,345,400
mouse_IGHV1-87*01,57,147,162,204,255,345,400
mouse_IGHV1-5*01,57,147,162,204,255,345,400
mouse_IGHV1-31*01,57,147,162,204,255,345,400
mouse_IGHV1-58*01,57,147,162,204,255,345,400
mouse_IGHV8-9*01,57,147,168,210,258,348,400
mouse_IGHV8-6*01,57,147,168,210,258,348,400
mouse_IGHV8-12*01,57,147,168,210,258,348,400
mouse_IGHV5-17*01,57,147,162,204,255,345,400
mouse_IGHV15-2*01,57,150,165,207,258,348,400
mouse_IGHV5-15*01,57,147,162,204,255,345,400
mouse_IGHV5-2*01,57,147,162,204,255,345,400
mouse_IGHV6-3*01,57,147,162,204,261,351,400
mouse_IGHV11-1*01,57,147,162,204,255,345,400
mouse_IGHV11-2*01,57,147,162,204,255,345,400
mouse_IGHV13-2*01,57,147,162,204,261,351,400
mouse_IGHV9-1*01,57,147,162,204,255,345,400
mouse_IGHV9-2*01,57,147,162,204,255,345,400
mouse_IGHV4-1*01,54,144,159,201,252,342,400
mouse_IGHV1-47*01,57,147,162,204,255,345,400
mouse_IGHV2-6-3*01,57,144,159,201,249,339,400
mouse_IGHV2S3*01,57,147,162,204,252,342,400
mouse_IGHV2-6-6*01,57,147,162,204,252,342,400
mouse_IGHV2-2-2*01,57,147,162,204,252,342,400
mouse_IGHV2-9-2*01,57,147,162,204,252,342,400
mouse_IGHV2-3*01,57,147,162,204,252,342,400
mouse_IGHV2-6-7*01,57,147,162,204,252,342,400
mouse_IGHV2-6*01,57,147,162,204,252,342,400
mouse_IGHV2-9-1*01,57,147,162,204,252,342,400
mouse_IGHV2-7*01,57,147,162,204,252,342,400
mouse_IGHV2-6-5*01,57,147,162,204,252,342,400
mouse_IGHV2-6-4*01,57,147,162,204,252,342,400
mouse_IGHV2-6-1*01,57,147,162,204,252,342,400
mouse_IGHV2-6-2*01,57,147,162,204,252,342,400
mouse_IGHV2-5-1*01,57,147,162,204,252,342,400
mouse_IGHV2-5*01,57,147,162,204,252,342,400
mouse_IGHV2-3-1*01,57,147,162,204,252,342,400
mouse_IGHV2-4*01,57,147,162,204,252,342,400
mouse_IGHV2-9*01,57,147,162,204,252,342,400
mouse_IGHV2-4-1*01,57,147,162,204,252,342,400
mouse_IGHV2-2*01,57,147,162,204,252,342,400
mouse_IGHV9-2-1*01,57,147,162,204,255,345,400
mouse_IGHV9-3-1*01,57,147,162,204,255,345,400
mouse_IGHV1-42*01,57,147,162,204,255,345,400
mouse_IGHV1S103*01,57,147,162,204,255,309,400
mouse_IGHV1S107*01,57,147,162,204,255,309,400
mouse_IGHV1-11*01,57,147,162,204,255,345,400
mouse_IGHV1S50*01,57,147,162,204,255,345,400
mouse_IGHV1S78*01,57,147,162,204,255,309,400
mouse_IGHV1S68*01,57,147,162,204,255,309,400
mouse_IGHV1S120*01,57,147,162,204,255,309,400
mouse_IGHV1S81*01,57,147,162,204,255,309,400
mouse_IGHV1S92*01,57,147,162,204,255,309,400
mouse_IGHV1-64*01,57,147,162,204,255,345,400
mouse_IGHV1S122*01,57,147,162,204,255,309,400
mouse_IGHV1S55*01,57,147,162,204,255,345,400
mouse_IGHV1S14*01,57,147,162,204,255,345,400
mouse_IGHV1S82*01,57,147,162,204,255,309,400
mouse_IGHV1S83*01,57,147,162,204,255,309,400
mouse_IGHV1S12*01,57,147,162,204,255,345,400
mouse_IGHV1-18*01,57,147,162,204,255,345,400
mouse_IGHV1S108*01,57,147,162,204,255,309,400
mouse_IGHV1-39*01,57,147,162,204,255,345,400
mouse_IGHV1-66*01,57,147,162,204,255,345,400
mouse_IGHV1-85*01,57,147,162,204,255,345,400
mouse_IGHV1-34*01,57,147,162,204,255,345,400
mouse_IGHV1-19*01,57,147,162,204,255,345,400
mouse_IGHV1-75*01,57,147,162,204,255,345,400
mouse_IGHV1S100*01,57,147,162,204,255,309,400
mouse_IGHV1S118*01,57,147,162,204,255,309,400
mouse_IGHV1-22*01,57,147,162,204,255,345,400
mouse_IGHV1S113*01,57,147,162,204,255,309,400
mouse_IGHV1-26*01,57,147,162,204,255,345,400
mouse_IGHV1-20*01,57,147,162,204,255,345,400
mouse_IGHV1-37*01,57,147,162,204,255,345,400
mouse_IGHV1S45*01,57,147,162,204,255,345,400
mouse_IGHV1-84*01,57,147,162,204,255,345,400
mouse_IGHV1-76*01,57,147,162,204,255,345,400
mouse_IGHV1S112*01,57,147,162,204,255,309,400
mouse_IGHV1-55*01,57,147,162,204,255,345,400
mouse_IGHV1S70*01,57,147,162,204,255,309,400
mouse_IGHV1S72*01,57,147,162,204,255,309,400
mouse_IGHV1-50*01,57,147,162,204,255,345,400
mouse_IGHV1-52*01,57,147,162,204,255,345,400
mouse_IGHV1-69*01,57,147,162,204,255,345,400
mouse_IGHV1S75*01,57,147,162,204,255,309,400
mouse_IGHV1-61*01,57,147,162,204,255,345,400
mouse_IGHV1S5*01,57,147,162,204,255,345,400
mouse_IGHV1-53*01,57,147,162,204,255,345,400
mouse_IGHV1S67*01,57,147,162,204,255,309,400
mouse_IGHV1S87*01,57,147,162,204,255,309,400
mouse_IGHV1S61*01,57,147,162,204,255,345,400
mouse_IGHV1-62-3*01,57,147,162,204,255,345,400
mouse_IGHV1-72*01,57,147,162,204,255,345,400
mouse_IGHV1S65*01,57,147,162,204,255,309,400
mouse_IGHV1S95*01,57,147,162,204,255,309,400
mouse_IGHV1S96*01,57,147,162,204,252,306,400
mouse_IGHV1-59*01,57,147,162,204,255,345,400
mouse_IGHV1S73*01,57,147,162,204,255,309,400
mouse_IGHV1S121*01,57,147,162,204,255,309,400
mouse_IGHV1-12*01,57,147,162,204,255,345,400
mouse_IGHV8-11*01,57,147,168,210,258,348,400
mouse_IGHV8-8*01,57,147,168,210,258,348,400
mouse_IGHV8-5*01,57,147,168,210,258,348,400
mouse_IGHV1-36*01,57,147,162,204,255,345,400
mouse_IGHV9-3*01,57,147,162,204,255,345,400
mouse_IGHV3-8*01,57,147,162,204,252,342,400
mouse_IGHV10-3*01,57,147,162,204,261,351,400
mouse_IGHV5-16*01,57,147,162,204,255,345,400
mouse_IGHV6-6*01,57,147,162,204,261,351,400
mouse_IGHV6-7*01,57,147,162,204,261,351,400
mouse_IGHV1S44*01,17,107,122,164,215,221,400
mouse_IGHV1S56*01,43,133,148,190,241,331,400
nurse shark_IGHV1S3*01,50,140,155,197,245,329,400
nurse shark_IGHV1S2*01,50,140,155,197,245,335,400
nurse shark_IGHV1S1*01,50,140,155,197,245,335,400
nurse shark_IGHV2S1*01,50,140,158,200,212,302,400
nurse shark_IGHV2S10*01,50,140,158,200,212,302,400
nurse shark_IGHV2S11*01,50,140,158,200,212,302,400
nurse shark_IGHV2S12*01,50,140,158,200,212,302,400
nurse shark_IGHV2S13*01,50,140,158,200,212,302,400
nurse shark_IGHV2S14*01,50,140,158,200,212,302,400
nurse shark_IGHV2S15*01,50,140,158,200,212,302,400
nurse shark_IGHV2S16*01,50,121,139,181,193,283,400
nurse shark_IGHV2S17*01,50,140,158,200,212,302,400
nurse shark_IGHV2S18*01,50,140,158,200,212,302,400
nurse shark_IGHV2S19*01,50,140,158,200,212,302,400
nurse shark_IGHV2S2*01,50,140,158,200,212,302,400
nurse shark_IGHV2S20*01,50,140,158,200,212,302,400
nurse shark_IGHV2S21*01,50,140,158,200,212,302,400
nurse shark_IGHV2S22*01,50,140,158,200,212,302,400
nurse shark_IGHV2S23*01,50,140,158,200,212,302,400
nurse shark_IGHV2S24*01,50,140,158,200,212,302,400
nurse shark_IGHV2S25*01,50,140,158,200,212,302,400
nurse shark_IGHV2S26*01,50,140,164,206,218,308,400
nurse shark_IGHV2S27*01,50,133,151,193,205,295,400
nurse shark_IGHV2S28*01,50,140,158,200,212,302,400
nurse shark_IGHV2S3*01,50,140,158,200,212,302,400
nurse shark_IGHV2S30*01,50,140,158,200,212,302,400
nurse shark_IGHV2S31*01,50,140,158,200,212,302,400
nurse shark_IGHV2S32*01,50,140,158,200,212,302,400
nurse shark_IGHV2S33*01,50,140,158,200,212,302,400
nurse shark_IGHV2S34*01,50,131,149,191,203,293,400
nurse shark_IGHV2S35*01,50,140,158,200,212,302,400
nurse shark_IGHV2S36*01,50,140,158,200,212,302,400
nurse shark_IGHV2S37*01,50,140,158,200,212,302,400
nurse shark_IGHV2S38*01,50,140,158,200,212,302,400
nurse shark_IGHV2S39*01,50,140,158,200,212,302,400
nurse shark_IGHV2S4*01,50,140,158,200,212,302,400
nurse shark_IGHV2S40*01,50,140,158,200,212,302,400
nurse shark_IGHV2S41*01,50,140,158,200,212,302,400
nurse shark_IGHV2S42*01,50,140,158,200,212,302,400
nurse shark_IGHV2S43*01,50,140,158,200,212,302,400
nurse shark_IGHV2S44*01,50,127,145,187,199,289,400
nurse shark_IGHV2S45*01,50,140,158,200,212,302,400
nurse shark_IGHV2S46*01,50,140,158,200,212,302,400
nurse shark_IGHV2S47*01,50,140,158,200,212,302,400
nurse shark_IGHV2S48*01,50,140,158,200,212,302,400
nurse shark_IGHV2S49*01,50,140,158,200,212,302,400
nurse shark_IGHV2S5*01,50,140,158,200,212,302,400
nurse shark_IGHV2S50*01,50,140,158,200,212,302,400
nurse shark_IGHV2S51*01,50,140,158,200,212,302,400
nurse shark_IGHV2S6*01,50,140,158,200,212,302,400
nurse shark_IGHV2S7*01,50,140,158,200,212,302,400
nurse shark_IGHV2S8*01,50,140,158,200,212,302,400
nurse shark_IGHV2S9*01,50,64,82,124,136,226,400
pig_IGHV1-2*01,57,147,162,204,261,351,400
pig_IGHV1-14*01,57,147,162,204,255,345,400
pig_IGHV1-12*01,57,147,162,204,261,351,400
pig_IGHV1-5*01,57,147,162,204,261,351,400
pig_IGHV1-11*01,57,147,162,204,261,351,400
pig_IGHV1-6*01,57,147,162,204,261,351,400
pig_IGHV1S6*01,57,147,162,204,261,351,400
pig_IGHV1-8*01,57,147,162,204,261,351,400
pig_IGHV1S5*01,57,147,162,204,261,351,400
pig_IGHV1-4*01,57,147,162,204,255,345,400
pig_IGHV1S2*01,57,147,162,204,255,345,400
pig_IGHV1-15*01,57,147,162,204,255,345,400
pig_IGHV1-10*01,57,147,162,204,255,345,400
platypus_IGHV3-4*01,57,147,168,210,261,351,400
platypus_IGHV3-5*01,57,147,165,207,249,339,400
platypus_IGHV3-1*01,57,147,168,210,258,348,400
platypus_IGHV1-24*01,54,144,159,201,252,342,400
platypus_IGHV1-16*01,57,147,162,204,255,345,400
platypus_IGHV1-13*01,57,147,162,204,252,342,400
platypus_IGHV1S3*01,57,147,168,210,261,351,400
platypus_IGHV1-9*01,57,147,165,207,258,348,400
platypus_IGHV1S4*01,57,147,165,207,258,348,400
platypus_IGHV1S13*01,57,147,162,204,252,342,400
platypus_IGHV1-6*01,57,147,165,207,258,348,400
platypus_IGHV1-5*01,57,147,165,207,258,348,400
platypus_IGHV1-11*01,57,147,165,207,258,294,400
platypus_IGHV1-1*01,57,147,162,204,252,342,400
platypus_IGHV1-12*01,57,147,162,204,255,345,400
platypus_IGHV1-25*01,57,147,162,204,255,345,400
platypus_IGHV1-18*01,57,147,162,204,252,342,400
platypus_IGHV1-32*01,69,159,174,216,267,357,400
platypus_IGHV2-3*01,57,147,162,204,261,351,400
platypus_IGHV2-7*01,57,147,162,204,261,351,400
platypus_IGHV2-6*01,57,147,162,204,261,351,400
platypus_IGHV1S7*01,57,147,162,204,255,345,400
platypus_IGHV1-20*01,57,147,177,219,270,360,400
platypus_IGHV1-22*01,57,147,162,204,255,345,400
platypus_IGHV1-7*01,57,147,165,207,258,348,400
platypus_IGHV1-31*01,57,147,162,204,255,345,400
platypus_IGHV1S14*01,57,147,165,207,258,348,400
platypus_IGHV1-28*01,57,147,162,204,255,345,400
platypus_IGHV1-30*01,57,147,162,204,255,345,400
platypus_IGHV1S10*01,57,147,162,204,255,345,400
platypus_IGHV1-26*01,54,144,159,201,252,342,400
platypus_IGHV1-23*01,54,144,159,201,252,342,400
platypus_IGHV1-29*01,57,147,162,204,255,345,400
platypus_IGHV1S9*01,57,147,162,204,255,345,400
platypus_IGHV1-17*01,57,147,162,204,255,345,400
rabbit_IGHV1S60*01,57,144,159,201,249,339,400
rabbit_IGHV1S13*01,57,147,162,204,252,336,400
rabbit_IGHV1S1*01,57,147,162,204,252,336,400
rabbit_IGHV1S47*01,57,147,162,204,255,345,400
rabbit_IGHV1S52*01,57,144,159,201,249,339,400
rabbit_IGHV1S8*01,57,147,162,204,252,342,400
rabbit_IGHV1S65*01,57,144,159,201,249,339,400
rabbit_IGHV1S25*01,57,147,162,204,252,336,400
rabbit_IGHV1S44*01,57,144,159,201,249,336,400
rabbit_IGHV1S17*01,57,147,162,204,252,336,400
rabbit_IGHV1S7*01,57,144,159,201,252,342,400
rabbit_IGHV1S49*01,57,144,159,201,249,339,400
rabbit_IGHV1S68*01,57,144,159,201,249,339,400
rabbit_IGHV1S61*01,57,144,159,201,249,339,400
rabbit_IGHV1S26*01,57,144,159,201,249,339,400
rabbit_IGHV1S28*01,57,144,159,201,249,339,400
rabbit_IGHV1S50*01,57,144,159,201,249,339,400
rabbit_IGHV1S51*01,57,144,159,201,249,339,400
rabbit_IGHV1S54*01,57,144,159,201,249,339,400
rabbit_IGHV1S55*01,57,144,159,201,249,339,400
rabbit_IGHV1S57*01,57,144,159,201,249,339,400
rabbit_IGHV1S64*01,57,144,159,201,249,339,400
rabbit_IGHV1S66*01,57,144,159,201,249,339,400
rabbit_IGHV1S67*01,57,144,159,201,249,339,400
rabbit_IGHV1S63*01,57,144,159,201,249,339,400
rabbit_IGHV1S59*01,57,144,159,201,249,339,400
rabbit_IGHV1S31*01,57,144,159,201,249,339,400
rabbit_IGHV1S34*01,57,144,159,201,249,339,400
rabbit_IGHV1S56*01,57,147,162,204,252,342,400
rabbit_IGHV1S69*01,57,144,159,201,249,333,400
rabbit_IGHV1S53*01,57,147,162,204,252,342,400
rabbit_IGHV1S45*01,57,147,165,207,261,348,400
rabbit_IGHV1S62*01,57,144,159,201,249,339,400
rabbit_IGHV1S24*01,57,147,162,204,252,336,400
rabbit_IGHV1S43*01,57,147,165,207,258,348,400
rabbit_IGHV1S40*01,57,144,162,204,258,345,400
rabbit_IGHV1S36*01,57,147,162,204,252,336,400
rabbit_IGHV1S58*01,57,147,162,204,252,342,400
rat_IGHV1-16*01,57,147,162,204,255,345,400
rat_IGHV1-13*01,57,147,162,204,255,345,400
rat_IGHV1-8*01,57,147,162,204,255,345,400
rat_IGHV1-11*01,57,147,162,204,255,345,400
rat_IGHV1-18*01,57,147,162,204,255,345,400
rat_IGHV11-4*01,57,147,162,204,255,345,400
rat_IGHV7-7*01,57,147,162,204,261,351,400
rat_IGHV7-2*01,57,147,162,204,261,351,400
rat_IGHV7-4*01,57,147,162,204,261,351,400
rat_IGHV7-14*01,57,147,162,204,261,351,400
rat_IGHV3-1*01,60,150,165,207,255,345,400
rat_IGHV3-3*01,60,150,168,210,258,348,400
rat_IGHV3-7*01,60,150,168,210,258,348,400
rat_IGHV4-2*01,57,147,162,204,255,345,400
rat_IGHV9-6*01,57,147,162,204,255,345,400
rat_IGHV1-43*01,57,147,162,204,255,345,400
rat_IGHV1-60*01,57,147,162,204,255,345,400
rat_IGHV1-25*01,57,147,162,204,255,345,400
rat_IGHV1-35*01,57,147,162,204,255,345,400
rat_IGHV1-53*01,57,147,162,204,255,345,400
rat_IGHV1-57*01,57,147,162,204,255,345,400
rat_IGHV1-47*01,57,147,162,204,255,345,400
rat_IGHV1-29*01,57,147,162,204,255,345,400
rat_IGHV1-42*01,57,147,162,204,255,345,400
rat_IGHV1-65*01,57,147,162,204,255,345,400
rat_IGHV1-31*01,57,147,162,204,255,345,400
rat_IGHV1-22*01,57,147,162,204,255,345,400
rat_IGHV1-50*01,57,147,162,204,255,345,400
rat_IGHV5-22*01,57,147,162,204,255,345,400
rat_IGHV8-31*01,57,147,168,210,258,348,400
rat_IGHV8-28*01,57,147,168,210,258,348,400
rat_IGHV8-25*01,57,147,168,210,258,348,400
rat_IGHV8-20*01,57,147,168,210,258,348,400
rat_IGHV8-16*01,57,147,168,210,258,348,400
rat_IGHV8-23*01,57,147,168,210,258,348,400
rat_IGHV8S18*01,57,147,168,210,258,348,400
rat_IGHV8-22*01,57,147,168,210,258,348,400
rat_IGHV8-27*01,57,147,168,210,258,348,400
rat_IGHV5S47*01,57,147,162,204,255,345,400
rat_IGHV5S8*01,57,147,162,204,255,345,400
rat_IGHV5-35*01,57,147,162,204,255,345,400
rat_IGHV5S13*01,57,147,162,204,255,345,400
rat_IGHV5S11*01,57,147,162,204,255,345,400
rat_IGHV5S23*01,57,147,162,204,255,345,400
rat_IGHV5-25*01,57,147,162,204,255,345,400
rat_IGHV5-46*01,57,147,162,204,255,345,400
rat_IGHV5-20*01,57,147,162,204,255,345,400
rat_IGHV5-19*01,57,147,162,204,255,345,400
rat_IGHV5S10*01,57,147,162,204,255,345,400
rat_IGHV5-17*01,57,147,162,204,255,345,400
rat_IGHV5-27*01,57,147,162,204,255,345,400
rat_IGHV5-29*01,57,147,162,204,255,345,400
rat_IGHV5-31*01,57,147,162,204,255,345,400
rat_IGHV5-7*01,57,147,162,204,255,345,400
rat_IGHV5-58*01,57,147,162,204,255,345,400
rat_IGHV6-19*01,57,147,162,204,261,351,400
rat_IGHV5S54*01,57,147,162,204,255,345,400
rat_IGHV5-43*01,57,147,162,204,255,345,400
rat_IGHV5S14*01,57,147,162,204,255,345,400
rat_IGHV5-54*01,57,147,162,204,255,345,400
rat_IGHV5-50*01,57,147,162,204,255,345,400
rat_IGHV6-21*01,57,147,162,204,261,351,400
rat_IGHV6-13*01,57,147,162,204,261,351,400
rat_IGHV11-2*01,57,147,162,204,255,345,400
rat_IGHV11-12*01,57,147,162,204,255,345,400
rat_IGHV11-3*01,57,147,162,204,255,345,400
rat_IGHV6-8*01,57,147,162,204,261,351,400
rat_IGHV6-10*01,57,147,162,204,261,351,400
rat_IGHV6-6*01,57,147,162,204,261,351,400
rat_IGHV2-64*01,57,147,162,204,252,342,400
rat_IGHV2S13*01,57,147,162,204,252,342,400
rat_IGHV2S78*01,57,147,162,204,252,342,400
rat_IGHV2-61*01,57,147,162,204,252,342,400
rat_IGHV9-8*01,57,147,162,204,255,345,400
rat_IGHV9-4*01,57,147,162,204,255,345,400
rat_IGHV9S3*01,57,147,162,204,255,345,400
rat_IGHV1-32*01,57,147,162,204,255,345,400
rat_IGHV2S30*01,57,147,162,204,252,342,400
rat_IGHV2-70*01,57,147,162,204,252,342,400
rat_IGHV2S12*01,57,147,162,204,252,342,400
rat_IGHV2S8*01,57,147,162,204,252,342,400
rat_IGHV2-77*01,57,147,162,204,252,342,400
rat_IGHV2-75*01,57,147,162,204,252,342,400
rat_IGHV2S61*01,57,147,162,204,252,342,400
rat_IGHV2-72*01,57,147,162,204,252,342,400
rat_IGHV2-6*01,57,147,162,204,252,342,400
rat_IGHV2-39*01,57,147,162,204,252,345,400
rat_IGHV2S54*01,57,147,162,204,252,342,400
rat_IGHV2-32*01,57,147,162,204,252,342,400
rat_IGHV2-19*01,57,147,162,204,252,342,400
rat_IGHV2-63*01,57,147,162,204,252,342,400
rat_IGHV2S64*01,57,147,162,204,252,306,400
rat_IGHV2-27*01,57,147,162,204,252,342,400
rat_IGHV2-30*01,57,147,162,204,252,342,400
rat_IGHV2-1*01,57,147,162,204,252,342,400
rat_IGHV2-4*01,57,147,162,204,252,342,400
rat_IGHV2-45*01,57,147,162,204,252,342,400
rat_IGHV2S63*01,57,147,162,204,252,342,400
rat_IGHV2-47*01,57,147,162,204,252,342,400
rat_IGHV2S75*01,57,147,162,204,252,342,400
rat_IGHV2-52*01,57,147,162,204,252,342,400
rat_IGHV2-13*01,57,147,162,204,252,342,400
rat_IGHV2S1*01,57,147,162,204,252,342,400
rat_IGHV2-15*01,57,147,162,204,252,342,400
rat_IGHV2S18*01,57,147,162,204,252,342,400
rat_IGHV1-24*01,57,147,162,204,255,345,400
rat_IGHV1-28*01,57,147,162,204,255,345,400
rat_IGHV1-36*01,54,144,159,201,252,342,400
rat_IGHV1-38*01,54,144,159,201,252,342,400
rat_IGHV6-5*01,51,141,156,198,255,345,400
rat_IGHV8-17*01,57,147,168,210,258,348,400
rat_IGHV11-9*01,57,147,162,204,255,345,400
rat_IGHV5-62*01,57,147,162,204,252,342,400
rat_IGHV10-5*01,54,144,159,201,258,348,400
little skate_IGHV1S1*01,50,140,155,197,245,329,400
little skate_IGHV1S4*01,50,140,155,197,245,335,400
little skate_IGHV1S2*01,50,140,155,197,245,335,400
little skate_IGHV1S5*01,50,140,155,197,248,338,400
little skate_IGHV1S3*01,50,140,155,197,245,335,400
clearnose skate_IGHV1S2*01,50,140,155,197,245,329,400
salmon_IGHV15-124*01,54,150,165,207,258,348,400
salmon_IGHV16D-65*01,54,150,165,207,258,348,400
salmon_IGHV16D-42*01,54,150,165,207,255,345,400
salmon_IGHV16-23*01,54,150,165,207,258,348,400
salmon_IGHV16D-116*01,54,153,168,210,243,333,400
salmon_IGHV16D-76*01,54,153,168,210,243,333,400
salmon_IGHV15D-126*01,54,150,165,207,258,348,400
salmon_IGHV15D-85*01,54,150,165,207,258,348,400
salmon_IGHV4D-106*01,54,144,159,201,255,345,400
salmon_IGHV4D-66*01,54,144,159,201,255,345,400
salmon_IGHV9-76*01,51,135,150,192,240,330,400
salmon_IGHV9D-103*01,51,135,150,192,240,330,400
salmon_IGHV9D-45*01,51,141,156,198,246,336,400
salmon_IGHV9D-104*01,51,141,156,198,246,336,400
salmon_IGHV1D-136*01,54,144,159,201,252,342,400
salmon_IGHV1D-34*01,54,144,159,201,252,342,400
salmon_IGHV1D-14*01,54,144,159,201,252,342,400
salmon_IGHV1-73*01,54,144,159,201,249,339,400
salmon_IGHV2D-12*01,54,150,165,207,252,342,400
salmon_IGHV2D-39*01,54,150,165,207,252,342,400
salmon_IGHV16D-23*01,54,153,168,210,243,333,400
salmon_IGHV2D-30*01,54,150,165,207,252,342,400
salmon_IGHV4D-51*01,54,144,159,201,246,336,400
salmon_IGHV2-60*01,54,150,165,207,252,342,400
salmon_IGHV2-92*01,54,150,165,207,252,342,400
salmon_IGHV4-97*01,60,150,165,207,261,351,400
salmon_IGHV4-56*01,60,150,165,207,261,351,400
salmon_IGHV6D-16*01,51,138,153,195,243,333,400
salmon_IGHV6D-137*01,48,135,150,192,237,327,400
salmon_IGHV6D-95*01,48,135,150,192,237,327,400
salmon_IGHV8-49*01,54,147,162,204,252,336,400
salmon_IGHV8-103*01,54,147,162,204,252,336,400
salmon_IGHV8-66*01,54,147,162,204,252,336,400
salmon_IGHV8-67*01,54,147,162,204,252,336,400
salmon_IGHV8-105*01,54,147,162,204,252,336,400
salmon_IGHV8S1*01,54,147,162,204,252,336,400
salmon_IGHV8-28*01,57,150,165,207,255,339,400
salmon_IGHV12D-50*01,54,144,171,213,261,351,400
salmon_IGHV8D-48*01,57,150,165,207,255,339,400
salmon_IGHV6-119*01,51,138,153,195,243,333,400
salmon_IGHV6D-18*01,54,141,156,198,243,333,400
salmon_IGHV1D-25*01,51,141,156,198,243,333,400
salmon_IGHV1-100*01,51,141,156,198,249,339,400
salmon_IGHV1-64*01,51,141,156,198,249,339,400
salmon_IGHV3-111*01,54,150,165,207,255,345,400
salmon_IGHV8-24*01,54,147,162,204,252,336,400
salmon_IGHV8-37*01,54,147,162,204,252,336,400
salmon_IGHV7-95*01,60,153,177,219,267,357,400
salmon_IGHV6D-118*01,54,141,156,198,246,336,400
salmon_IGHV6D-78*01,54,141,156,198,246,336,400
salmon_IGHV1D-108*01,51,141,156,198,249,339,400
salmon_IGHV1D-69*01,51,141,156,198,249,339,400
salmon_IGHV8D-83*01,54,147,162,204,252,336,400
salmon_IGHV8D-123*01,54,147,162,204,252,336,400
salmon_IGHV1-117*01,51,141,156,198,243,333,400
salmon_IGHV1D-97*01,51,141,156,198,249,339,400
salmon_IGHV1-21*01,54,144,159,201,246,336,400
salmon_IGHV1D-87*01,54,144,159,201,246,336,400
salmon_IGHV1D-128*01,54,144,159,201,246,336,400
salmon_IGHV1DS1*01,54,144,159,201,252,342,400
salmon_IGHV1S1*01,54,144,159,201,246,336,400
salmon_IGHV1D-62*01,54,144,159,201,246,336,400
salmon_IGHV1DS2*01,54,144,159,201,246,336,400
salmon_IGHV1-79-1*01,54,144,159,201,252,342,400
salmon_IGHV3DS1*01,54,150,165,207,255,345,400
salmon_IGHV11-46*01,48,138,153,195,243,330,400
salmon_IGHV11-113*01,48,138,153,195,243,330,400
sheep_IGHV1S5*01,50,140,155,197,245,335,400
sheep_IGHV1S1*01,50,140,155,197,245,335,400
sheep_IGHV1S2*01,50,140,155,197,245,335,400
sheep_IGHV1S3*01,50,140,155,197,245,335,400
sheep_IGHV1S4*01,50,140,155,197,245,335,400
sheep_IGHV1S7*01,50,140,155,197,245,335,400
sheep_IGHV1S6*01,50,140,155,197,245,335,400
ratfish_IGHV1S14*01,50,140,155,197,251,341,400
ratfish_IGHV1S3*01,50,140,155,197,251,341,400
ratfish_IGHV1S2*01,50,140,155,197,245,335,400
ratfish_IGHV1S7*01,50,140,155,197,245,335,400
ratfish_IGHV1S12*01,50,140,155,197,245,335,400
ratfish_IGHV1S13*01,50,140,155,197,245,335,400
ratfish_IGHV1S1*01,50,140,155,197,245,335,400
ratfish_IGHV1S11*01,50,140,155,197,245,335,400
ratfish_IGHV1S6*01,50,140,155,197,245,335,400
ratfish_IGHV1S8*01,50,140,155,197,245,335,400
ratfish_IGHV1S9*01,50,140,155,197,245,335,400
ratfish_IGHV1S10*01,50,140,155,197,245,335,400
spotted wobbegong_IGHV2S1*01,50,140,155,197,209,299,400
spotted wobbegong_IGHV2S2*01,50,140,155,197,209,299,400
spotted wobbegong_IGHV2S3*01,50,140,155,197,209,299,400
spotted wobbegong_IGHV2S4*01,50,140,155,197,209,299,400
spotted wobbegong_IGHV2S5*01,50,140,155,197,209,299,400
spotted wobbegong_IGHV2S6*01,50,140,155,197,209,299,400
spotted wobbegong_IGHV2S7*01,50,140,155,197,209,299,400
spotted wobbegong_IGHV2S8*01,50,140,155,197,209,299,400
trout_IGHV9D-2*01,51,135,150,192,240,330,400
trout_IGHV2-8*01,54,150,165,207,252,342,400
trout_IGHV15D-54*01,54,150,165,207,258,348,400
trout_IGHV2D-28*01,54,150,165,207,252,342,400
trout_IGHV2D-11*01,54,150,165,207,252,342,400
trout_IGHV4D-24*01,54,144,159,201,255,345,400
trout_IGHV9-15*01,51,141,156,198,246,336,400
trout_IGHV9-45*01,51,141,156,198,246,336,400
trout_IGHV9-23*01,51,141,156,198,246,336,400
trout_IGHV1-42*01,54,141,156,198,252,342,400
trout_IGHV1D-73*01,54,141,156,198,246,336,400
trout_IGHV1D-17*01,54,141,156,198,249,339,400
trout_IGHV1S2*01,54,141,156,198,249,339,400
trout_IGHV10-47*01,54,144,159,201,249,339,400
trout_IGHV2-28*01,54,150,165,207,252,342,400
trout_IGHV4D-23*01,60,150,165,207,261,351,400
trout_IGHV4D-60*01,60,150,165,207,261,351,400
trout_IGHV4D-43*01,60,150,165,207,261,351,400
trout_IGHV1D-16*01,54,144,159,201,255,345,400
trout_IGHV8-46*01,54,144,159,201,249,336,400
trout_IGHV1-2*01,51,141,156,198,243,333,400
trout_IGHV6-35*01,51,138,153,195,240,330,400
trout_IGHV6D-5*01,51,138,153,195,240,330,400
trout_IGHV8-30*01,54,144,162,204,252,339,400
trout_IGHV8-40*01,54,144,162,204,252,339,400
trout_IGHV10D-9*01,51,141,156,198,243,333,400
trout_IGHV10D-7*01,51,141,156,198,243,333,400
trout_IGHV6-4*01,51,138,153,195,240,330,400
trout_IGHV12D-36*01,54,144,171,213,261,351,400
trout_IGHV8-5*01,54,144,162,204,252,339,400
trout_IGHV12D-56*01,54,144,171,213,261,351,400
trout_IGHV12D-71*01,54,144,171,213,261,351,400
trout_IGHV6D-40*01,48,135,150,192,237,327,400
trout_IGHV6D-76*01,48,135,150,192,237,327,400
trout_IGHV10D-26*01,51,141,156,198,243,333,400
trout_IGHV1-36*01,51,141,156,198,243,333,400
trout_IGHV1-39*01,54,144,159,201,246,336,400
trout_IGHV1-18*01,54,144,159,201,252,342,400
trout_IGHV1D-35*01,54,144,159,201,252,342,400
trout_IGHV1D-70*01,54,144,159,201,252,342,400
trout_IGHV3-20*01,51,141,162,204,252,342,400
trout_IGHV11-25*01,48,138,153,195,243,330,400
trout_IGHV1-13*01,54,144,159,201,246,336,400
zebrafish_IGHV2-2*01,63,153,168,210,261,351,400
zebrafish_IGHV2-1*01,63,153,168,210,270,360,400
zebrafish_IGHV4-8*01,57,147,162,204,255,345,400
zebrafish_IGHV4-9*01,57,147,162,204,252,342,400
zebrafish_IGHV4-3*01,57,147,162,204,255,345,400
zebrafish_IGHV4-6*01,57,147,162,204,240,330,400
zebrafish_IGHV1-4*01,48,132,147,189,237,327,400
zebrafish_IGHV4-2*01,54,144,159,201,249,339,400
zebrafish_IGHV13-2*01,48,138,153,195,243,333,400
zebrafish_IGHV5-7*01,51,138,153,195,243,333,400
zebrafish_IGHV5-1*01,51,138,153,195,243,333,400
zebrafish_IGHV7-1*01,57,141,153,195,243,333,400
zebrafish_IGHV14-1*01,51,141,156,198,249,339,400
zebrafish_IGHV1-5*01,54,144,159,201,249,339,400
zebrafish_IGHV1-2*01,54,144,159,201,249,339,400
zebrafish_IGHV1-1*01,54,144,159,201,249,339,400
zebrafish_IGHV4-1*01,57,147,162,204,255,345,400
zebrafish_IGHV1-3*01,51,141,156,198,243,333,400
zebrafish_IGHV11-2*01,60,150,165,207,261,351,400
zebrafish_IGHV8-4*01,51,141,159,201,249,339,400
zebrafish_IGHV8-3*01,51,141,159,201,249,339,400
zebrafish_IGHV8-2*01,51,141,162,204,252,342,400
zebrafish_IGHV10-1*01,57,147,162,204,255,345,400
zebrafish_IGHV3-2*01,57,144,159,201,252,342,400
zebrafish_IGHV4-7*01,60,153,168,210,261,351,400
zebrafish_IGHV4-5*01,57,150,165,207,258,348,400
zebrafish_IGHV5-3*01,57,147,168,210,258,348,400
zebrafish_IGHV8-1*01,51,141,159,201,249,339,400
zebrafish_IGHV9-2*01,57,147,162,204,252,336,400
zebrafish_IGHV9-4*01,51,141,156,198,249,330,400
zebrafish_IGHV9-1*01,57,147,162,204,252,336,400
zebrafish_IGHV9-3*01,57,147,162,204,252,336,400
zebrafish_IGHV2-3*01,78,168,183,225,285,375,400
zebrafish_IGHV11-1*01,60,150,165,207,261,351,400
zebrafish_IGHV6-1*01,45,135,150,192,243,333,400
